2025/6/27, 15:57:40, 24.74148, 101726.4, 53.16454, 24058.86, Stable
2025/6/27, 15:58:45, 24.74892, 101725.9, 52.95971, 26723.48, Stable
2025/6/27, 15:59:49, 24.75077, 101729.5, 53.40371, 26583.68, Stable
2021/1/1, 0:0:0, 26.60839, 101734.4, 49.94209, 16441.23, Stable
2021/1/1, 0:5:2, 24.83735, 101730.1, 55.72311, 10254.91, Stable
2021/1/1, 0:10:4, 24.70218, 101729.7, 55.67195, 9283.919, Stable
2021/1/1, 0:15:5, 27.05867, 101760.1, 48.0772, 9731.857, Stable
2021/1/1, 0:20:7, 26.89832, 101759.6, 47.11695, 10716.66, Stable
2021/1/1, 0:25:9, 27.06876, 101762.8, 48.04705, 10758.13, Stable
2021/1/1, 0:30:11, 23.88741, 101757.3, 57.41781, 9834.646, Stable
2021/1/1, 0:35:13, 23.82208, 101758.8, 57.99409, 9704.853, Stable
2021/1/1, 0:40:14, 57.88573, 101751.5, 5.933553, 5684.847, Stable
2021/1/1, 0:45:16, 58.61503, 101753.3, 4.686361, 5684.847, Stable
2021/1/1, 0:50:18, 47.31762, 101735.9, 13.79924, 5684.847, Stable
2021/1/1, 0:55:19, 45.96274, 101744.4, 15.12501, 5684.847, Stable
2021/1/1, 1:0:21, 44.54116, 101616.7, 15.70405, 5684.847, Stable
2021/1/1, 1:5:23, 43.38379, 101860.6, 16.70469, 5708.188, Stable
2021/1/1, 1:10:25, 38.51918, 101563.7, 23.92935, 5789.054, Stable
2021/1/1, 1:15:26, 37.352, 101359.2, 26.16167, 5972.768, Stable
2021/1/1, 1:20:28, 35.37336, 100825.1, 29.47606, 6189.51, Stable
2021/1/1, 1:25:30, 29.83093, 100702.1, 31.21804, 6935.745, Stable
2021/1/1, 1:30:31, 27.26893, 101237.4, 37.96451, 7767.557, Stable
2021/1/1, 1:35:33, 27.47839, 101803.7, 38.29448, 8281.391, Stable
2021/1/1, 1:40:35, 26.9254, 101646.2, 40.77591, 8601.021, Stable
2021/1/1, 1:45:37, 26.82425, 101905.1, 39.72549, 8829.411, Stable
2021/1/1, 1:50:39, 27.3876, 101933.0, 41.64587, 8871.502, Stable
2021/1/1, 1:55:40, 28.46536, 101890.3, 38.21438, 8843.941, Stable
2021/1/1, 2:0:42, 27.83093, 101681.6, 38.69806, 9178.198, Stable
2021/1/1, 2:5:44, 27.01832, 101940.0, 45.0914, 8989.504, Stable
2021/1/1, 2:10:46, 26.44193, 101629.7, 45.35283, 9400.856, Stable
2021/1/1, 2:15:48, 25.5636, 101845.1, 45.55432, 9931.043, Stable
2021/1/1, 2:20:49, 26.49635, 101762.6, 43.92438, 10029.07, Stable
2021/1/1, 2:25:51, 26.4868, 101136.1, 43.46418, 10124.44, Stable
2021/1/1, 2:30:53, 26.14536, 101509.2, 42.78613, 10456.91, Stable
2021/1/1, 2:35:55, 25.47491, 100760.6, 44.94335, 10850.62, Stable
2021/1/1, 2:40:57, 25.20407, 100338.3, 44.73042, 11108.83, Stable
2021/1/1, 2:45:58, 25.33019, 100609.7, 47.61417, 10743.21, Stable
2021/1/1, 2:51:0, 25.27841, 101193.3, 47.79317, 10739.19, Stable
2021/1/1, 2:56:2, 24.6018, 101325.6, 45.97371, 10585.06, Stable
2021/1/1, 3:1:4, 24.07597, 101146.0, 49.26291, 10627.84, Stable
2021/1/1, 3:6:6, 25.58352, 100639.9, 56.41332, 9106.552, Stable
2021/1/1, 3:11:8, 26.50405, 100620.3, 52.01348, 8833.374, Stable
2021/1/1, 3:16:9, 26.76159, 99952.05, 50.07925, 8857.361, Stable
2021/1/1, 3:21:11, 26.57335, 99470.89, 49.33496, 9182.086, Stable
2021/1/1, 3:26:13, 26.60149, 100144.9, 50.16266, 9194.832, Stable
2021/1/1, 3:31:15, 26.71991, 100659.7, 50.02217, 9323.901, Stable
2021/1/1, 3:36:17, 26.61981, 100482.3, 50.43782, 9342.932, Stable
2021/1/1, 3:41:18, 27.85561, 100297.2, 46.49671, 9358.623, Stable
2021/1/1, 3:46:20, 27.83916, 100888.1, 47.09608, 9255.604, Stable
2021/1/1, 3:51:22, 26.6299, 101156.3, 51.07836, 9132.386, Stable
2021/1/1, 3:56:24, 27.01062, 101213.4, 49.49743, 9222.597, Stable
2021/1/1, 4:1:26, 26.71911, 101482.7, 50.54478, 9219.924, Stable
2021/1/1, 4:6:27, 26.82159, 101489.8, 50.55129, 9247.632, Stable
2021/1/1, 4:11:29, 27.21159, 101408.0, 49.28364, 8770.502, Stable
2021/1/1, 4:16:31, 27.44361, 101406.5, 48.28618, 8422.209, Stable
2021/1/1, 4:21:33, 24.72634, 101411.6, 56.01981, 8723.297, Stable
2021/1/1, 4:26:35, 24.53832, 101411.3, 57.19445, 8548.416, Stable
2021/1/1, 4:31:36, 25.19265, 101412.7, 55.13241, 8747.844, Stable
2021/1/1, 4:36:38, 25.74575, 101416.1, 52.88219, 8393.294, Stable
2021/1/1, 4:41:40, 25.8886, 101413.2, 51.91609, 8179.039, Stable
2021/1/1, 4:46:42, 25.75027, 101423.3, 52.91018, 8121.996, Stable
2021/1/1, 4:51:44, 25.29515, 101432.0, 54.06659, 8234.014, Stable
2021/1/1, 4:56:45, 25.10873, 101440.8, 54.74664, 8379.432, Stable
2021/1/1, 5:1:47, 24.67217, 101446.3, 56.21766, 8553.431, Stable
2021/1/1, 5:6:49, 24.5439, 101445.3, 56.4175, 8613.188, Stable
2021/1/1, 5:11:51, 24.39758, 101454.3, 57.22434, 8706.847, Stable
2021/1/1, 5:16:53, 24.54444, 101464.5, 56.45195, 8710.15, Stable
2021/1/1, 5:21:54, 24.50407, 101472.2, 56.36948, 8705.467, Stable
2021/1/1, 5:26:56, 24.37474, 101477.0, 56.33617, 8775.431, Stable
2021/1/1, 5:31:58, 24.49053, 101481.2, 55.67418, 8783.365, Stable
2021/1/1, 5:37:0, 24.45202, 101494.1, 55.27972, 8786.195, Stable
2021/1/1, 5:42:2, 24.32827, 101505.9, 55.33132, 8819.565, Stable
2021/1/1, 5:47:4, 24.264, 101517.1, 55.30491, 8880.503, Stable
2021/1/1, 5:52:5, 24.25683, 101519.0, 54.96201, 8895.635, Stable
2021/1/1, 5:57:7, 24.16414, 101522.1, 54.94973, 8924.024, Stable
2021/1/1, 6:2:9, 23.95168, 101533.9, 55.9525, 9005.289, Stable
2021/1/1, 6:7:11, 23.80614, 101536.3, 56.22047, 9096.281, Stable
2021/1/1, 6:12:13, 23.49434, 101541.6, 57.2412, 9216.139, Stable
2021/1/1, 6:17:14, 23.45663, 101545.5, 57.89174, 9267.454, Stable
2021/1/1, 6:22:16, 23.28691, 101552.0, 58.33726, 9382.822, Stable
2021/1/1, 6:27:18, 23.30205, 101551.6, 58.34581, 9354.767, Stable
2021/1/1, 6:32:20, 23.29355, 101554.7, 58.66379, 9401.467, Stable
2021/1/1, 6:37:21, 23.35065, 101556.1, 57.90853, 9408.635, Stable
2021/1/1, 6:42:23, 23.30523, 101551.9, 57.78414, 9418.865, Stable
2021/1/1, 6:47:25, 23.18518, 101537.7, 58.23923, 9438.842, Stable
2021/1/1, 6:52:27, 23.05238, 101559.4, 58.78254, 9484.818, Stable
2021/1/1, 6:57:29, 23.00245, 101565.9, 58.5616, 9495.659, Stable
2021/1/1, 7:2:30, 22.70284, 101578.3, 60.06727, 9606.977, Stable
2021/1/1, 7:7:32, 22.8476, 101573.5, 59.27927, 9579.369, Stable
2021/1/1, 7:12:34, 22.79394, 101580.2, 58.79194, 9612.18, Stable
2021/1/1, 7:17:36, 22.78279, 101577.7, 59.20328, 9593.443, Stable
2021/1/1, 7:22:38, 22.69699, 101574.0, 59.17261, 9631.501, Stable
2021/1/1, 7:27:40, 22.54479, 101572.6, 60.36357, 9650.709, Stable
2021/1/1, 7:32:41, 22.55967, 101571.3, 60.05264, 9672.623, Stable
2021/1/1, 7:37:43, 22.44412, 101574.0, 61.43272, 9674.695, Stable
2021/1/1, 7:42:45, 22.47865, 101581.0, 60.17822, 9695.651, Stable
2021/1/1, 7:47:47, 22.34716, 101585.0, 62.10619, 9698.467, Stable
2021/1/1, 7:52:49, 22.20266, 101585.4, 62.73751, 9777.45, Stable
2021/1/1, 7:57:50, 22.12164, 101589.6, 63.31289, 9802.991, Stable
2021/1/1, 8:2:52, 22.11261, 101591.0, 63.58358, 9801.545, Stable
2021/1/1, 8:7:54, 22.05656, 101581.4, 63.32526, 9830.175, Stable
2021/1/1, 8:12:56, 22.05072, 101578.7, 63.18475, 9776.916, Stable
2021/1/1, 8:17:58, 21.90754, 101581.2, 63.24628, 9841.172, Stable
2021/1/1, 8:22:59, 21.74231, 101578.7, 65.41006, 9845.982, Stable
2021/1/1, 8:28:1, 21.76303, 101580.0, 65.06395, 9891.37, Stable
2021/1/1, 8:33:3, 21.69582, 101585.0, 65.01846, 9896.871, Stable
2021/1/1, 8:38:5, 21.6565, 101594.6, 64.59178, 9931.346, Stable
2021/1/1, 8:43:7, 21.62277, 101601.0, 65.39118, 9912.391, Stable
2021/1/1, 8:48:8, 21.36561, 101599.6, 67.05622, 9915.119, Stable
2021/1/1, 8:53:10, 21.42299, 101601.8, 66.84575, 9931.549, Stable
2021/1/1, 8:58:12, 21.31168, 101596.8, 67.48709, 9961.553, Stable
2021/1/1, 9:3:14, 21.25483, 101601.8, 68.12018, 9953.062, Stable
2021/1/1, 9:8:16, 21.32125, 101602.1, 67.592, 9950.756, Stable
2021/1/1, 9:13:18, 21.26971, 101607.4, 67.75446, 9941.838, Stable
2021/1/1, 9:18:19, 21.21126, 101603.1, 68.40742, 9941.621, Stable
2021/1/1, 9:23:21, 21.19877, 101608.8, 68.31829, 9952.746, Stable
2021/1/1, 9:28:23, 21.04734, 101617.4, 69.36951, 9961.522, Stable
2021/1/1, 9:33:25, 20.98173, 101615.8, 69.93592, 9971.54, Stable
2021/1/1, 9:38:27, 20.98518, 101610.7, 70.00121, 9973.714, Stable
2021/1/1, 9:43:28, 21.01015, 101613.8, 68.88954, 10011.37, Stable
2021/1/1, 9:48:30, 20.91903, 101607.9, 69.31558, 10017.19, Stable
2021/1/1, 9:53:32, 20.87439, 101607.9, 70.02012, 10007.12, Stable
2021/1/1, 9:58:34, 20.855, 101608.5, 69.64186, 10005.89, Stable
2021/1/1, 10:3:36, 20.74926, 101609.6, 70.65466, 10009.99, Stable
2021/1/1, 10:8:37, 20.82285, 101605.1, 69.57967, 10039.29, Stable
2021/1/1, 10:13:39, 20.70489, 101611.2, 70.87717, 9987.229, Stable
2021/1/1, 10:18:41, 20.7559, 101613.0, 69.92696, 10055.82, Stable
2021/1/1, 10:23:43, 20.79549, 101619.5, 69.51647, 10038.91, Stable
2021/1/1, 10:28:45, 20.67169, 101618.4, 69.8415, 10031.99, Stable
2021/1/1, 10:33:46, 20.65043, 101615.9, 70.85973, 10023.77, Stable
2021/1/1, 10:38:48, 20.67753, 101619.6, 70.425, 10031.69, Stable
2021/1/1, 10:43:50, 20.65867, 101613.6, 70.74036, 10026.51, Stable
2021/1/1, 10:48:52, 20.66717, 101608.7, 70.49861, 10036.59, Stable
2021/1/1, 10:53:54, 20.60394, 101612.3, 71.76213, 10022.62, Stable
2021/1/1, 10:58:55, 20.53805, 101611.4, 72.4294, 10026.02, Stable
2021/1/1, 11:3:57, 20.5949, 101606.5, 72.51331, 10006.77, Stable
2021/1/1, 11:8:59, 21.30318, 101598.4, 73.87337, 8452.377, Stable
2021/1/1, 11:14:1, 21.96386, 101598.1, 73.19849, 7164.772, Stable
2021/1/1, 11:19:2, 22.08738, 101593.3, 74.30553, 6832.455, Stable
2021/1/1, 11:24:4, 22.48981, 101591.6, 74.96975, 6447.614, Stable
2021/1/1, 11:29:6, 22.73604, 101591.3, 76.04984, 6199.138, Stable
2021/1/1, 11:34:8, 22.51903, 101584.9, 74.11412, 6422.834, Stable
2021/1/1, 11:39:10, 22.37585, 101583.8, 73.93944, 6643.69, Stable
2021/1/1, 11:44:11, 22.38223, 101591.9, 74.04729, 6705.771, Stable
2021/1/1, 11:49:13, 22.34929, 101593.5, 73.81979, 6753.751, Stable
2021/1/1, 11:54:15, 22.37506, 101591.1, 73.81794, 6777.709, Stable
2021/1/1, 11:59:17, 22.35859, 101593.0, 73.99924, 6735.108, Stable
2021/1/1, 12:4:18, 22.33787, 101593.3, 72.85567, 6816.493, Stable
2021/1/1, 12:9:20, 22.28501, 101588.7, 72.85518, 6887.122, Stable
2021/1/1, 12:14:22, 22.31662, 101593.7, 73.41649, 6941.45, Stable
2021/1/1, 12:19:24, 22.37293, 101584.4, 73.93983, 6875.397, Stable
2021/1/1, 12:24:26, 22.4914, 101584.7, 74.48708, 6230.048, Stable
2021/1/1, 12:29:28, 22.38435, 101581.0, 73.35818, 6491.035, Stable
2021/1/1, 12:34:29, 22.38621, 101584.0, 72.80702, 6624.061, Stable
2021/1/1, 12:39:31, 22.30865, 101586.5, 72.65592, 6736.61, Stable
2021/1/1, 12:44:33, 22.25234, 101581.1, 72.204, 6827.686, Stable
2021/1/1, 12:49:35, 22.23959, 101579.0, 72.9083, 6927.869, Stable
2021/1/1, 12:54:37, 22.21913, 101583.0, 72.63833, 6980.215, Stable
2021/1/1, 12:59:38, 22.20532, 101587.1, 72.96647, 7021.383, Stable
2021/1/1, 13:4:40, 22.25021, 101587.1, 73.16476, 6996.037, Stable
2021/1/1, 13:9:42, 22.2016, 101586.4, 73.30308, 7030.617, Stable
2021/1/1, 13:14:44, 22.23401, 101593.2, 73.37424, 7029.91, Stable
2021/1/1, 13:19:46, 22.28368, 101598.0, 73.25008, 7022.592, Stable
2021/1/1, 13:24:47, 22.23268, 101600.1, 73.69331, 7042.681, Stable
2021/1/1, 13:29:49, 22.22046, 101598.4, 73.47279, 7057.763, Stable
2021/1/1, 13:34:51, 22.21302, 101600.4, 73.31059, 7052.521, Stable
2021/1/1, 13:39:53, 22.10146, 101601.7, 73.79289, 6835.144, Stable
2021/1/1, 13:44:55, 21.96465, 101594.6, 73.90666, 7054.925, Stable
2021/1/1, 13:49:56, 21.91338, 101607.3, 74.20798, 7200.499, Stable
2021/1/1, 13:54:58, 21.91631, 101615.5, 74.55571, 7235.435, Stable
2021/1/1, 14:0:0, 21.92613, 101626.3, 75.51569, 7167.364, Stable
2021/1/1, 14:5:2, 21.93676, 101629.7, 74.48764, 7234.02, Stable
2021/1/1, 14:10:4, 21.9867, 101636.2, 74.83507, 7171.909, Stable
2021/1/1, 14:15:6, 21.97926, 101636.9, 74.60532, 7222.666, Stable
2021/1/1, 14:20:7, 22.03611, 101638.4, 74.39957, 7203.93, Stable
2021/1/1, 14:25:9, 22.05231, 101643.4, 74.07072, 7202.905, Stable
2021/1/1, 14:30:11, 22.11899, 101643.4, 74.94946, 7119.634, Stable
2021/1/1, 14:35:13, 22.17132, 101649.7, 74.97514, 7061.755, Stable
2021/1/1, 14:40:15, 22.75251, 101656.1, 75.07236, 6559.676, Stable
2021/1/1, 14:45:16, 22.45766, 101660.0, 74.65449, 6768.347, Stable
2021/1/1, 14:50:18, 22.39711, 101667.5, 74.59645, 6251.5, Stable
2021/1/1, 14:55:20, 22.36178, 101671.4, 74.47191, 6634.228, Stable
2021/1/1, 15:0:22, 22.38037, 101668.8, 74.15095, 6760.412, Stable
2021/1/1, 15:5:24, 22.50787, 101680.5, 75.06639, 6828.319, Stable
2021/1/1, 15:10:26, 22.54187, 101689.5, 75.06947, 6856.574, Stable
2021/1/1, 15:15:27, 22.57746, 101698.9, 75.35767, 6861.453, Stable
2021/1/1, 15:20:29, 22.58304, 101706.7, 75.3349, 6903.451, Stable
2021/1/1, 15:25:31, 22.59181, 101704.5, 75.49366, 6905.063, Stable
2021/1/1, 15:30:33, 22.61518, 101709.3, 75.56615, 6928.229, Stable
2021/1/1, 15:35:35, 22.68956, 101718.9, 75.11974, 6887.356, Stable
2021/1/1, 15:40:37, 22.73498, 101714.4, 75.44289, 6906.553, Stable
2021/1/1, 15:45:38, 22.71213, 101717.3, 75.67091, 6969.456, Stable
2021/1/1, 15:50:40, 22.75197, 101721.2, 75.55779, 7015.784, Stable
2021/1/1, 15:55:42, 22.84042, 101729.2, 75.48234, 6464.312, Stable
2021/1/1, 16:0:44, 22.99235, 101722.5, 75.71819, 6511.121, Stable
2021/1/1, 16:5:46, 23.48637, 101723.3, 78.37077, 6145.127, Stable
2021/1/1, 16:10:47, 23.66087, 101726.0, 76.797, 6081.733, Stable
2021/1/1, 16:15:49, 23.45901, 101725.1, 75.47203, 6216.132, Stable
2021/1/1, 16:20:51, 22.5671, 101731.1, 75.2409, 6751.985, Stable
2021/1/1, 16:25:53, 22.50123, 101734.4, 75.17763, 7114.969, Stable
2021/1/1, 16:30:55, 22.33707, 101741.6, 75.61789, 7339.128, Stable
2021/1/1, 16:35:56, 22.26243, 101750.5, 75.76796, 7591.044, Stable
2021/1/1, 16:40:58, 22.20213, 101756.0, 75.94773, 7788.227, Stable
2021/1/1, 16:46:0, 22.10969, 101758.6, 76.15306, 7967.314, Stable
2021/1/1, 16:51:2, 22.18035, 101761.7, 75.92964, 8070.198, Stable
2021/1/1, 16:56:4, 22.3902, 101757.1, 75.16171, 8074.152, Stable
2021/1/1, 17:1:5, 22.45581, 101756.9, 75.09746, 8127.408, Stable
2021/1/1, 17:6:7, 22.78889, 101768.9, 74.65523, 8284.435, Stable
2021/1/1, 17:11:9, 27.1946, 101761.6, 58.14575, 8479.99, Stable
2021/1/1, 17:16:11, 29.03816, 101853.8, 52.4014, 8006.509, Stable
2021/1/1, 17:21:12, 30.35748, 101787.3, 48.52618, 7615.626, Stable
2021/1/1, 17:26:14, 30.13243, 101513.7, 48.48974, 7715.048, Stable
2021/1/1, 17:31:16, 30.32139, 101608.5, 47.99868, 7738.392, Stable
2021/1/1, 17:36:18, 30.91265, 101700.8, 45.67818, 7922.788, Stable
2021/1/1, 17:41:20, 30.29963, 101685.0, 47.20448, 7863.431, Stable
2021/1/1, 17:46:21, 30.16269, 101682.3, 47.51799, 7936.876, Stable
2021/1/1, 17:51:23, 29.64304, 101646.6, 48.96365, 8050.052, Stable
2021/1/1, 17:56:25, 29.65949, 101640.9, 50.50161, 7993.372, Stable
2021/1/1, 18:1:27, 30.05573, 101640.3, 47.35958, 8197.263, Stable
2021/1/1, 18:6:28, 29.38639, 101651.6, 47.89695, 8870.715, Stable
2021/1/1, 18:11:30, 30.54086, 101651.8, 44.77387, 8951.3, Stable
2021/1/1, 18:16:32, 32.59517, 101645.0, 40.19959, 8538.791, Stable
2021/1/1, 18:21:34, 33.56988, 101666.5, 38.22134, 8424.584, Stable
2021/1/1, 18:26:35, 31.6368, 101685.9, 42.93555, 8377.768, Stable
2021/1/1, 18:31:37, 31.24195, 101690.5, 45.88716, 8404.91, Stable
2021/1/1, 18:36:39, 33.47251, 101688.8, 38.77413, 8111.879, Stable
2021/1/1, 18:41:41, 33.62373, 101709.1, 38.99463, 7918.713, Stable
2021/1/1, 18:46:42, 35.7879, 101697.3, 34.44958, 7514.672, Stable
2021/1/1, 18:51:44, 34.77604, 101715.4, 36.69305, 7396.767, Stable
2021/1/1, 18:56:46, 35.49563, 101714.9, 35.42713, 7274.531, Stable
2021/1/1, 19:1:47, 34.29963, 101688.1, 37.98754, 7133.963, Stable
2021/1/1, 19:6:49, 31.7891, 101691.8, 44.31307, 7250.997, Stable
2021/1/1, 19:11:51, 32.58004, 101695.9, 41.93624, 7333.678, Stable
2021/1/1, 19:16:53, 33.09209, 101693.0, 40.49856, 7446.822, Stable
2021/1/1, 19:21:54, 33.58447, 101691.9, 39.59466, 7259.301, Stable
2021/1/1, 19:26:56, 37.3756, 101686.9, 31.56993, 7039.455, Stable
2021/1/1, 19:31:58, 38.02073, 101676.8, 31.04609, 6844.673, Stable
2021/1/1, 19:36:59, 38.21986, 101668.4, 29.88694, 6752.616, Stable
2021/1/1, 19:42:1, 34.95853, 101660.2, 34.31445, 7384.315, Stable
2021/1/1, 19:47:3, 32.80927, 101656.0, 39.45703, 7819.017, Stable
2021/1/1, 19:52:4, 33.02045, 101666.5, 39.51503, 7641.148, Stable
2021/1/1, 19:57:6, 32.34709, 101666.3, 40.02631, 7928.206, Stable
2021/1/1, 20:2:8, 32.64557, 101670.3, 39.51647, 7861.057, Stable
2021/1/1, 20:7:10, 33.01382, 101663.9, 38.75351, 7752.163, Stable
2021/1/1, 20:12:11, 34.64447, 101658.7, 36.88707, 7442.945, Stable
2021/1/1, 20:17:13, 36.78797, 101655.4, 31.84819, 7481.274, Stable
2021/1/1, 20:22:15, 36.84366, 101650.7, 32.06022, 7009.866, Stable
2021/1/1, 20:27:16, 36.19473, 101666.9, 32.12416, 7150.974, Stable
2021/1/1, 20:32:18, 35.24842, 101710.7, 33.12225, 7329.031, Stable
2021/1/1, 20:37:20, 36.50051, 101720.8, 30.37582, 7337.596, Stable
2021/1/1, 20:42:21, 39.28406, 101614.1, 24.9607, 7281.573, Stable
2021/1/1, 20:47:23, 36.37692, 101650.0, 29.75721, 7668.604, Stable
2021/1/1, 20:52:25, 34.98929, 101556.5, 32.20856, 8070.475, Stable
2021/1/1, 20:57:26, 34.14419, 101598.5, 30.09439, 7882.58, Stable
2021/1/1, 21:2:28, 32.08521, 101568.0, 35.27979, 7721.702, Stable
2021/1/1, 21:7:30, 32.22264, 101663.4, 33.2904, 7866.333, Stable
2021/1/1, 21:12:31, 31.52987, 101489.3, 35.86354, 7978.009, Stable
2021/1/1, 21:17:33, 31.12281, 101388.8, 36.03901, 8054.544, Stable
2021/1/1, 21:22:35, 30.80995, 100921.9, 35.39139, 8104.452, Stable
2021/1/1, 21:27:37, 30.84498, 100865.1, 33.69525, 8279.583, Stable
2021/1/1, 21:32:38, 30.17065, 100440.5, 35.86367, 8475.946, Stable
2021/1/1, 21:37:40, 29.49069, 100290.0, 38.2786, 8686.369, Stable
2021/1/1, 21:42:42, 29.2359, 99642.39, 38.13801, 9025.541, Stable
2021/1/1, 21:47:44, 29.30146, 100392.2, 39.04855, 9121.634, Stable
2021/1/1, 21:52:45, 28.88766, 99811.88, 38.40434, 9376.773, Stable
2021/1/1, 21:57:47, 29.36038, 99784.3, 36.50785, 9356.58, Stable
2021/1/1, 22:2:49, 29.58545, 101836.0, 36.52647, 9644.62, Stable
2021/1/1, 22:7:51, 31.70631, 101781.2, 33.75325, 9222.49, Stable
2021/1/1, 22:12:52, 29.27489, 101760.3, 43.14246, 8474.961, Stable
2021/1/1, 22:17:54, 29.62658, 101760.4, 42.02828, 8866.236, Stable
2021/1/1, 22:22:56, 29.42806, 101763.1, 43.405, 9003.49, Stable
2021/1/1, 22:27:58, 29.18839, 101768.0, 44.21783, 9176.271, Stable
2021/1/1, 22:33:0, 29.21891, 101763.4, 43.69506, 9318.114, Stable
2021/1/1, 22:38:1, 28.49801, 101767.6, 45.65979, 9652.568, Stable
2021/1/1, 22:43:3, 29.20007, 101774.6, 44.14086, 9587.615, Stable
2021/1/1, 22:48:5, 29.08594, 101782.3, 43.90467, 9706.707, Stable
2021/1/1, 22:53:7, 28.92296, 101781.8, 44.41847, 9717.26, Stable
2021/1/1, 22:58:9, 26.962, 101787.1, 48.33306, 10539.21, Stable
2021/1/1, 23:3:10, 26.15651, 101802.7, 51.57893, 12571.64, Stable
2021/1/1, 23:8:12, 25.49456, 101811.0, 53.37613, 13999.31, Stable
2021/1/1, 23:13:14, 28.93279, 101802.6, 45.13419, 11870.22, Stable
2021/1/1, 23:18:16, 31.0302, 102170.6, 40.54946, 10324.62, Stable
2021/1/1, 23:23:18, 31.822, 102173.7, 39.00349, 9553.123, Stable
2021/1/1, 23:28:19, 30.84046, 101819.5, 36.913, 9984.837, Stable
2021/1/1, 23:33:21, 30.27892, 102115.3, 38.52645, 10260.6, Stable
2021/1/1, 23:38:23, 29.85828, 101501.7, 40.08031, 10600.41, Stable
2021/1/1, 23:43:25, 29.82775, 101482.1, 39.73327, 11065.83, Stable
2021/1/1, 23:48:26, 29.74496, 102401.5, 39.90965, 11045.81, Stable
2021/1/1, 23:53:28, 29.69267, 101835.4, 40.08002, 11396.04, Stable
2021/1/1, 23:58:30, 29.62791, 102431.2, 39.97601, 11542.55, Stable
2021/1/2, 0:3:32, 29.68789, 102430.7, 40.59021, 11511.86, Stable
2021/1/2, 0:8:34, 32.55112, 102302.8, 32.6893, 11451.38, Stable
2021/1/2, 0:13:35, 31.2998, 102421.7, 35.52053, 11400.75, Stable
2021/1/2, 0:18:37, 29.84766, 102438.0, 41.24066, 10925.72, Stable
2021/1/2, 0:23:39, 31.25601, 102417.0, 36.51699, 10681.5, Stable
2021/1/2, 0:28:40, 29.39249, 102317.2, 42.83474, 10126.51, Stable
2021/1/2, 0:33:42, 30.56395, 102319.5, 40.65909, 9393.541, Stable
2021/1/2, 0:38:44, 31.83341, 102316.6, 39.49218, 8683.09, Stable
2021/1/2, 0:43:46, 29.48671, 102254.5, 40.56151, 8505.037, Stable
2021/1/2, 0:48:48, 29.08541, 102036.4, 41.64703, 9499.589, Stable
2021/1/2, 0:53:49, 29.4339, 102151.7, 41.73634, 9728.911, Stable
2021/1/2, 0:58:51, 29.17538, 101744.8, 42.62056, 9869.312, Stable
2021/1/2, 1:3:53, 28.79688, 100880.5, 42.74065, 9779.705, Stable
2021/1/2, 1:8:55, 28.02232, 101630.1, 44.65631, 9970.96, Stable
2021/1/2, 1:13:57, 27.68731, 101916.4, 46.18266, 10078.8, Stable
2021/1/2, 1:18:59, 27.42848, 102077.5, 46.70238, 10318.52, Stable
2021/1/2, 1:24:0, 27.38282, 102177.0, 46.93683, 10483.08, Stable
2021/1/2, 1:29:2, 27.74439, 102161.9, 46.04416, 11069.99, Stable
2021/1/2, 1:34:4, 27.40963, 99913.72, 46.09477, 10975.58, Stable
2021/1/2, 1:39:6, 26.88079, 102343.8, 49.46415, 10807.23, Stable
2021/1/2, 1:44:8, 25.92418, 101389.5, 51.40322, 10962.54, Stable
2021/1/2, 1:49:9, 25.81744, 102100.2, 52.69097, 11129.09, Stable
2021/1/2, 1:54:11, 25.05801, 101025.7, 55.7428, 10369.13, Stable
2021/1/2, 1:59:13, 25.51899, 101271.4, 60.71126, 10285.87, Stable
2021/1/2, 2:4:15, 25.86949, 101251.5, 61.56409, 9600.671, Stable
2021/1/2, 2:9:17, 25.6244, 101239.8, 61.63775, 10008.46, Stable
2021/1/2, 2:14:18, 25.49031, 101230.9, 62.16354, 10335.12, Stable
2021/1/2, 2:19:20, 26.28528, 101239.0, 63.82036, 9686.924, Stable
2021/1/2, 2:24:22, 26.57547, 101510.4, 59.95902, 9833.172, Stable
2021/1/2, 2:29:24, 26.23669, 101700.3, 59.44108, 9981.754, Stable
2021/1/2, 2:34:26, 26.38962, 102061.2, 58.41815, 10437.72, Stable
2021/1/2, 2:39:28, 26.52131, 102147.0, 58.19093, 10558.1, Stable
2021/1/2, 2:44:29, 26.47299, 100482.8, 56.79521, 10635.45, Stable
2021/1/2, 2:49:31, 26.88876, 102376.1, 56.77063, 10779.52, Stable
2021/1/2, 2:54:33, 26.78814, 102347.8, 58.76052, 10585.64, Stable
2021/1/2, 2:59:35, 26.32458, 102246.1, 60.89296, 9992.402, Stable
2021/1/2, 3:4:36, 24.59781, 102244.9, 64.63307, 9089.752, Stable
2021/1/2, 3:9:38, 24.73643, 102245.7, 64.38423, 8925.682, Stable
2021/1/2, 3:14:40, 24.65916, 102245.8, 64.23417, 9133.307, Stable
2021/1/2, 3:19:42, 24.64375, 102251.1, 64.24391, 9229.498, Stable
2021/1/2, 3:24:44, 24.71466, 102253.9, 64.23673, 9315.055, Stable
2021/1/2, 3:29:46, 24.82274, 102247.6, 64.05276, 9373.599, Stable
2021/1/2, 3:34:47, 25.13104, 102247.6, 62.61216, 9349.119, Stable
2021/1/2, 3:39:49, 24.99429, 102257.7, 63.17372, 9402.229, Stable
2021/1/2, 3:44:51, 24.96852, 102261.2, 63.25758, 9504.959, Stable
2021/1/2, 3:49:53, 25.0288, 102263.9, 63.08652, 9551.501, Stable
2021/1/2, 3:54:55, 25.17937, 102262.5, 62.32698, 9550.915, Stable
2021/1/2, 3:59:56, 25.11218, 102263.8, 62.72044, 9597.733, Stable
2021/1/2, 4:4:58, 25.13157, 102263.4, 62.64669, 9640.74, Stable
2021/1/2, 4:10:0, 25.14166, 102264.3, 62.61878, 9734.539, Stable
2021/1/2, 4:15:2, 25.24602, 102267.8, 62.0585, 9769.565, Stable
2021/1/2, 4:20:4, 25.17884, 102264.7, 62.35347, 9790.936, Stable
2021/1/2, 4:25:5, 25.39764, 102272.6, 61.72984, 9735.437, Stable
2021/1/2, 4:30:7, 25.18548, 102270.8, 62.32909, 9787.912, Stable
2021/1/2, 4:35:9, 25.109, 102280.2, 62.52, 9872.383, Stable
2021/1/2, 4:40:11, 25.27868, 102278.0, 61.71885, 9934.464, Stable
2021/1/2, 4:45:13, 25.47969, 102277.3, 61.0668, 9910.846, Stable
2021/1/2, 4:50:14, 25.30231, 102277.1, 61.21101, 9892.736, Stable
2021/1/2, 4:55:16, 25.66105, 102275.6, 60.05331, 9872.148, Stable
2021/1/2, 5:0:18, 25.3926, 102288.8, 60.66856, 9923.88, Stable
2021/1/2, 5:5:20, 25.47969, 102286.7, 60.48858, 9941.377, Stable
2021/1/2, 5:10:22, 25.5405, 102285.9, 60.13284, 9916.143, Stable
2021/1/2, 5:15:23, 25.22823, 102294.0, 61.14825, 10020.93, Stable
2021/1/2, 5:20:25, 25.16822, 102293.9, 61.22298, 10088.0, Stable
2021/1/2, 5:25:27, 25.06173, 102301.1, 61.49805, 10276.6, Stable
2021/1/2, 5:30:29, 25.03836, 102303.7, 61.56923, 10356.22, Stable
2021/1/2, 5:35:30, 24.89285, 102312.1, 62.37534, 10411.4, Stable
2021/1/2, 5:40:32, 24.88195, 102309.4, 62.33667, 10537.6, Stable
2021/1/2, 5:45:34, 24.7136, 102318.6, 62.89299, 10664.07, Stable
2021/1/2, 5:50:36, 24.8007, 102316.5, 62.5476, 10762.98, Stable
2021/1/2, 5:55:38, 21.76568, 102332.0, 71.85213, 9681.402, Stable
2021/1/2, 6:0:40, 20.87333, 102341.4, 76.74041, 11189.56, Stable
2021/1/2, 6:5:41, 20.82551, 102344.1, 75.5775, 12233.57, Stable
2021/1/2, 6:10:43, 20.76706, 102348.3, 77.06516, 12924.81, Stable
2021/1/2, 6:15:45, 20.71871, 102357.6, 77.37569, 13477.82, Stable
2021/1/2, 6:20:47, 20.64193, 102359.8, 77.12785, 13989.92, Stable
2021/1/2, 6:25:49, 20.71552, 102363.0, 76.72473, 14375.91, Stable
2021/1/2, 6:30:50, 20.72004, 102362.9, 75.16611, 14868.89, Stable
2021/1/2, 6:35:52, 20.62386, 102368.2, 75.18039, 15242.38, Stable
2021/1/2, 6:40:54, 20.56435, 102372.6, 75.05937, 15592.18, Stable
2021/1/2, 6:45:56, 20.44133, 102377.7, 76.30355, 15763.91, Stable
2021/1/2, 6:50:58, 20.42911, 102379.5, 74.36535, 16150.66, Stable
2021/1/2, 6:55:59, 20.44186, 102379.9, 73.88557, 16473.17, Stable
2021/1/2, 7:1:1, 20.32018, 102383.7, 74.43717, 16742.71, Stable
2021/1/2, 7:6:3, 20.3959, 102381.0, 73.47332, 16887.5, Stable
2021/1/2, 7:11:5, 20.3781, 102383.0, 73.01376, 17058.31, Stable
2021/1/2, 7:16:7, 20.3425, 102383.1, 74.16997, 17141.81, Stable
2021/1/2, 7:21:8, 20.30158, 102388.3, 73.58158, 17185.93, Stable
2021/1/2, 7:26:10, 20.24632, 102389.6, 74.80415, 17170.62, Stable
2021/1/2, 7:31:12, 20.19106, 102388.9, 74.67136, 17185.15, Stable
2021/1/2, 7:36:14, 20.16395, 102384.7, 74.79758, 17312.57, Stable
2021/1/2, 7:41:16, 20.10231, 102385.7, 74.38996, 17409.79, Stable
2021/1/2, 7:46:17, 20.05076, 102388.5, 74.75172, 17526.63, Stable
2021/1/2, 7:51:19, 20.0234, 102382.4, 74.81406, 17544.25, Stable
2021/1/2, 7:56:21, 22.04036, 102369.8, 69.76891, 15356.67, Stable
2021/1/2, 8:1:23, 22.0138, 102369.6, 69.58348, 14007.89, Stable
2021/1/2, 8:6:25, 22.79686, 102335.3, 65.81813, 12447.21, Stable
2021/1/2, 8:11:26, 22.45581, 102335.2, 67.47321, 11816.0, Stable
2021/1/2, 8:16:28, 22.37798, 102332.8, 67.44632, 11566.44, Stable
2021/1/2, 8:21:30, 22.59207, 102325.6, 66.92686, 11117.22, Stable
2021/1/2, 8:26:32, 22.64599, 102315.5, 66.89548, 10803.61, Stable
2021/1/2, 8:31:34, 22.71133, 102322.0, 66.72816, 10533.89, Stable
2021/1/2, 8:36:35, 22.61332, 102328.6, 66.66665, 10637.87, Stable
2021/1/2, 8:41:37, 22.64998, 102323.2, 66.60738, 10516.45, Stable
2021/1/2, 8:46:39, 22.67308, 102319.1, 66.58595, 10430.0, Stable
2021/1/2, 8:51:41, 22.493, 102321.1, 67.07085, 10579.39, Stable
2021/1/2, 8:56:43, 22.54479, 102321.6, 66.70219, 10705.57, Stable
2021/1/2, 9:1:44, 22.48078, 102320.1, 66.55318, 10804.79, Stable
2021/1/2, 9:6:46, 22.68052, 102323.6, 66.14616, 10569.32, Stable
2021/1/2, 9:11:48, 22.46882, 102331.7, 66.09603, 10777.39, Stable
2021/1/2, 9:16:50, 22.45076, 102329.0, 66.1263, 11034.26, Stable
2021/1/2, 9:21:52, 22.37692, 102327.1, 65.6042, 11164.48, Stable
2021/1/2, 9:26:53, 22.46218, 102327.2, 65.29759, 11168.11, Stable
2021/1/2, 9:31:55, 22.34318, 102326.5, 65.50459, 11294.58, Stable
2021/1/2, 9:36:57, 22.28315, 102323.4, 65.43122, 11589.99, Stable
2021/1/2, 9:41:59, 22.30573, 102320.0, 65.16924, 11637.6, Stable
2021/1/2, 9:47:1, 22.29829, 102325.9, 65.02629, 11661.57, Stable
2021/1/2, 9:52:2, 22.36045, 102313.9, 64.8182, 11655.98, Stable
2021/1/2, 9:57:4, 22.45527, 102310.9, 64.61652, 11376.6, Stable
2021/1/2, 10:2:6, 22.23348, 102303.2, 65.00717, 11641.03, Stable
2021/1/2, 10:7:8, 22.1081, 102305.8, 65.08723, 11997.72, Stable
2021/1/2, 10:12:9, 22.11288, 102302.8, 65.08562, 12112.93, Stable
2021/1/2, 10:17:11, 22.2348, 102302.7, 64.7631, 12037.58, Stable
2021/1/2, 10:22:13, 22.3546, 102297.9, 64.51432, 11745.44, Stable
2021/1/2, 10:27:15, 22.15724, 102295.2, 64.77461, 11905.64, Stable
2021/1/2, 10:32:17, 22.18673, 102289.9, 64.57843, 12053.6, Stable
2021/1/2, 10:37:18, 22.30254, 102293.5, 64.30983, 11910.06, Stable
2021/1/2, 10:42:20, 22.47042, 102290.8, 63.99637, 11468.98, Stable
2021/1/2, 10:47:22, 22.32432, 102278.4, 64.12846, 11539.11, Stable
2021/1/2, 10:52:24, 22.22445, 102277.8, 64.33057, 11741.59, Stable
2021/1/2, 10:57:26, 22.23959, 102280.5, 64.19299, 11728.13, Stable
2021/1/2, 11:2:27, 22.22524, 102282.1, 64.31226, 11786.24, Stable
2021/1/2, 11:7:29, 22.24251, 102283.9, 64.16191, 11800.64, Stable
2021/1/2, 11:12:31, 22.33999, 102288.0, 63.94862, 11689.95, Stable
2021/1/2, 11:17:33, 22.36151, 102286.1, 63.92881, 11524.62, Stable
2021/1/2, 11:22:35, 22.41516, 102283.7, 63.85417, 11370.08, Stable
2021/1/2, 11:27:37, 22.4319, 102290.2, 63.81392, 11292.02, Stable
2021/1/2, 11:32:38, 22.38249, 102285.1, 63.96346, 11302.18, Stable
2021/1/2, 11:37:40, 22.31317, 102287.5, 64.09119, 11448.53, Stable
2021/1/2, 11:42:42, 22.32831, 102287.7, 64.07601, 11488.16, Stable
2021/1/2, 11:47:44, 22.32379, 102288.4, 64.14069, 11479.32, Stable
2021/1/2, 11:52:46, 22.17344, 102275.9, 64.49333, 11670.33, Stable
2021/1/2, 11:57:47, 22.09907, 102276.3, 64.70753, 11873.14, Stable
2021/1/2, 12:2:49, 22.04089, 102269.5, 64.79093, 12071.02, Stable
2021/1/2, 12:7:51, 22.10756, 102270.4, 64.70856, 12085.45, Stable
2021/1/2, 12:12:53, 22.15777, 102264.2, 64.64247, 12002.48, Stable
2021/1/2, 12:17:55, 22.34477, 102264.0, 64.27758, 11718.87, Stable
2021/1/2, 12:22:56, 22.2178, 102268.6, 64.71392, 11648.23, Stable
2021/1/2, 12:27:58, 22.17052, 102267.2, 64.89762, 11707.31, Stable
2021/1/2, 12:33:0, 22.28049, 102262.8, 64.59398, 11539.47, Stable
2021/1/2, 12:38:2, 22.21196, 102268.5, 64.98409, 11443.1, Stable
2021/1/2, 12:43:4, 22.22976, 102265.6, 65.02657, 11456.72, Stable
2021/1/2, 12:48:5, 22.22392, 102273.3, 65.1823, 11432.89, Stable
2021/1/2, 12:53:7, 22.44306, 102273.8, 64.66491, 11116.64, Stable
2021/1/2, 12:58:9, 22.36842, 102278.5, 64.96609, 11014.14, Stable
2021/1/2, 13:3:11, 22.33309, 102284.0, 65.14551, 11104.63, Stable
2021/1/2, 13:8:12, 22.40056, 102285.3, 65.11763, 10930.97, Stable
2021/1/2, 13:13:14, 22.52434, 102287.4, 64.70558, 10744.95, Stable
2021/1/2, 13:18:16, 22.47546, 102284.3, 65.00442, 10665.19, Stable
2021/1/2, 13:23:18, 22.3384, 102285.8, 65.3171, 10906.67, Stable
2021/1/2, 13:28:20, 22.19151, 102283.6, 65.70003, 11130.3, Stable
2021/1/2, 13:33:21, 22.10889, 102285.0, 65.98813, 11328.62, Stable
2021/1/2, 13:38:23, 22.19921, 102285.2, 65.70837, 11291.38, Stable
2021/1/2, 13:43:25, 22.17451, 102280.9, 65.76277, 11255.84, Stable
2021/1/2, 13:48:27, 22.12802, 102282.5, 65.93591, 11349.4, Stable
2021/1/2, 13:53:29, 22.10783, 102279.5, 66.07491, 11387.48, Stable
2021/1/2, 13:58:30, 22.16787, 102283.4, 65.8658, 11322.7, Stable
2021/1/2, 14:3:32, 22.39949, 102279.0, 65.14941, 11032.12, Stable
2021/1/2, 14:8:34, 22.48184, 102284.3, 64.94289, 10725.49, Stable
2021/1/2, 14:13:36, 22.40587, 102287.6, 65.2703, 10799.91, Stable
2021/1/2, 14:18:37, 22.48396, 102291.6, 65.11931, 10625.72, Stable
2021/1/2, 14:23:39, 22.44864, 102288.7, 65.20632, 10612.69, Stable
2021/1/2, 14:28:41, 22.2781, 102288.6, 65.89103, 10842.27, Stable
2021/1/2, 14:33:43, 22.25101, 102286.8, 66.1649, 10868.36, Stable
2021/1/2, 14:38:45, 22.29723, 102283.6, 66.0223, 10933.54, Stable
2021/1/2, 14:43:46, 22.39764, 102281.7, 65.5814, 10777.0, Stable
2021/1/2, 14:48:48, 22.48396, 102282.5, 65.34031, 10592.8, Stable
2021/1/2, 14:53:50, 22.48317, 102280.5, 65.3672, 10601.21, Stable
2021/1/2, 14:58:52, 22.34159, 102284.0, 65.9622, 10687.7, Stable
2021/1/2, 15:3:54, 22.40959, 102284.4, 65.70194, 10689.37, Stable
2021/1/2, 15:8:55, 22.49459, 102277.9, 65.45287, 10565.27, Stable
2021/1/2, 15:13:57, 22.46271, 102283.1, 65.64589, 10582.06, Stable
2021/1/2, 15:18:59, 22.35699, 102284.8, 66.23891, 10673.27, Stable
2021/1/2, 15:24:1, 22.36204, 102284.2, 66.07339, 10743.6, Stable
2021/1/2, 15:29:3, 22.33787, 102285.2, 66.11985, 10782.31, Stable
2021/1/2, 15:34:4, 22.27093, 102283.7, 66.07723, 11006.78, Stable
2021/1/2, 15:39:6, 22.27253, 102284.9, 66.10485, 11050.91, Stable
2021/1/2, 15:44:8, 22.17504, 102282.3, 66.59573, 11129.47, Stable
2021/1/2, 15:49:10, 22.28288, 102288.0, 66.01668, 11124.3, Stable
2021/1/2, 15:54:12, 22.18991, 102294.3, 65.96723, 11228.51, Stable
2021/1/2, 15:59:13, 22.2951, 102300.2, 65.87783, 11152.38, Stable
2021/1/2, 16:4:15, 22.16813, 102302.4, 66.68584, 11160.54, Stable
2021/1/2, 16:9:17, 22.14608, 102308.0, 66.58871, 11107.32, Stable
2021/1/2, 16:14:19, 22.31688, 102308.2, 65.95603, 11079.64, Stable
2021/1/2, 16:19:21, 22.36789, 102314.0, 65.88217, 10852.67, Stable
2021/1/2, 16:24:22, 22.36124, 102313.1, 65.77107, 10961.02, Stable
2021/1/2, 16:29:24, 22.31688, 102314.7, 65.75657, 11100.43, Stable
2021/1/2, 16:34:26, 22.1923, 102324.8, 66.11353, 11317.85, Stable
2021/1/2, 16:39:28, 22.25844, 102321.9, 65.8943, 11286.22, Stable
2021/1/2, 16:44:30, 22.23533, 102326.5, 65.79219, 11369.7, Stable
2021/1/2, 16:49:31, 22.23773, 102322.9, 65.97398, 11346.04, Stable
2021/1/2, 16:54:33, 22.19257, 102331.3, 66.06705, 11487.29, Stable
2021/1/2, 16:59:35, 22.24596, 102338.2, 65.9481, 11330.74, Stable
2021/1/2, 17:4:37, 22.25154, 102340.4, 66.02911, 11286.79, Stable
2021/1/2, 17:9:39, 22.24676, 102347.0, 66.00381, 11356.16, Stable
2021/1/2, 17:14:40, 22.27252, 102352.9, 65.97944, 11260.6, Stable
2021/1/2, 17:19:42, 22.22524, 102355.1, 66.27181, 11250.79, Stable
2021/1/2, 17:24:44, 22.3121, 102358.2, 65.63213, 11225.69, Stable
2021/1/2, 17:29:46, 22.24623, 102356.7, 66.20624, 11252.77, Stable
2021/1/2, 17:34:48, 22.3113, 102359.8, 65.9588, 11177.27, Stable
2021/1/2, 17:39:49, 22.33946, 102360.1, 65.72102, 11173.04, Stable
2021/1/2, 17:44:51, 22.15644, 102358.1, 66.43331, 11368.37, Stable
2021/1/2, 17:49:53, 22.31635, 102356.9, 65.94744, 11232.71, Stable
2021/1/2, 17:54:55, 22.43004, 102356.5, 65.38963, 11017.31, Stable
2021/1/2, 17:59:56, 22.40135, 102361.3, 65.49715, 10986.22, Stable
2021/1/2, 18:4:58, 22.36921, 102360.5, 65.63136, 11126.53, Stable
2021/1/2, 18:10:0, 22.24968, 102356.8, 66.29695, 11339.22, Stable
2021/1/2, 18:15:2, 22.35991, 102358.4, 66.09531, 11263.2, Stable
2021/1/2, 18:20:4, 22.45235, 102356.6, 65.50337, 11097.45, Stable
2021/1/2, 18:25:5, 22.51106, 102356.0, 65.41757, 10989.08, Stable
2021/1/2, 18:30:7, 22.53815, 102358.4, 65.32097, 11003.82, Stable
2021/1/2, 18:35:9, 22.53788, 102356.0, 65.42259, 10964.94, Stable
2021/1/2, 18:40:11, 22.54718, 102359.6, 65.46898, 10981.23, Stable
2021/1/2, 18:45:13, 22.57906, 102365.3, 65.10934, 11140.87, Stable
2021/1/2, 18:50:15, 22.54665, 102361.3, 65.48485, 11158.36, Stable
2021/1/2, 18:55:16, 22.56339, 102363.7, 65.34426, 11249.98, Stable
2021/1/2, 19:0:18, 22.53337, 102358.8, 65.68618, 11160.87, Stable
2021/1/2, 19:5:20, 22.57614, 102357.8, 65.32287, 11081.18, Stable
2021/1/2, 19:10:22, 22.54984, 102353.5, 65.51869, 11017.23, Stable
2021/1/2, 19:15:24, 22.59207, 102357.9, 65.28816, 11010.11, Stable
2021/1/2, 19:20:25, 22.60987, 102358.4, 65.15739, 11033.34, Stable
2021/1/2, 19:25:27, 22.60509, 102346.3, 65.11674, 11118.65, Stable
2021/1/2, 19:30:29, 22.63059, 102341.0, 64.89876, 11143.1, Stable
2021/1/2, 19:35:31, 22.65689, 102335.9, 64.77879, 11124.73, Stable
2021/1/2, 19:40:33, 22.66406, 102338.7, 65.22315, 10934.61, Stable
2021/1/2, 19:45:34, 22.78279, 102334.6, 64.07905, 10634.93, Stable
2021/1/2, 19:50:36, 22.81067, 102332.0, 64.08034, 10618.38, Stable
2021/1/2, 19:55:38, 22.86513, 102330.8, 63.83717, 10520.64, Stable
2021/1/2, 20:0:40, 22.92409, 102326.8, 64.73352, 10410.07, Stable
2021/1/2, 20:5:42, 22.96526, 102332.4, 64.98252, 10328.43, Stable
2021/1/2, 20:10:44, 22.99262, 102327.6, 65.09113, 10183.8, Stable
2021/1/2, 20:15:45, 22.99368, 102318.5, 64.99128, 10138.63, Stable
2021/1/2, 20:20:47, 22.97376, 102311.2, 64.95844, 10183.29, Stable
2021/1/2, 20:25:49, 23.02396, 102307.1, 65.43649, 10059.48, Stable
2021/1/2, 20:30:51, 23.03087, 102301.3, 64.93179, 10099.78, Stable
2021/1/2, 20:35:53, 23.03936, 102295.6, 65.36985, 10096.56, Stable
2021/1/2, 20:40:54, 23.07283, 102287.0, 65.32859, 9977.613, Stable
2021/1/2, 20:45:56, 23.11427, 102280.8, 65.36743, 9858.926, Stable
2021/1/2, 20:50:58, 23.22503, 102281.4, 65.57894, 9573.563, Stable
2021/1/2, 20:56:0, 23.10152, 102281.5, 64.80956, 9747.016, Stable
2021/1/2, 21:1:2, 22.94375, 102276.6, 64.82948, 10110.98, Stable
2021/1/2, 21:6:4, 22.93817, 102270.8, 64.75199, 10292.41, Stable
2021/1/2, 21:11:5, 22.95543, 102263.7, 64.38689, 10548.43, Stable
2021/1/2, 21:16:7, 22.93392, 102263.8, 64.60591, 10568.89, Stable
2021/1/2, 21:21:9, 22.99076, 102264.4, 64.38307, 10682.79, Stable
2021/1/2, 21:26:11, 22.89487, 102269.6, 65.08854, 10660.01, Stable
2021/1/2, 21:31:13, 22.79793, 102278.9, 66.30469, 10664.24, Stable
2021/1/2, 21:36:14, 22.90072, 102273.9, 66.47723, 10848.69, Stable
2021/1/2, 21:41:16, 23.16049, 102272.8, 70.84235, 10155.44, Stable
2021/1/2, 21:46:18, 23.0399, 102276.5, 71.30788, 8714.029, Stable
2021/1/2, 21:51:20, 23.01414, 102276.3, 68.756, 8488.814, Stable
2021/1/2, 21:56:22, 23.01626, 102273.4, 67.00464, 8747.43, Stable
2021/1/2, 22:1:24, 23.04176, 102266.0, 67.02623, 8898.905, Stable
2021/1/2, 22:6:25, 23.11931, 102263.0, 65.38132, 9133.516, Stable
2021/1/2, 22:11:27, 31.43938, 102252.0, 39.94418, 10047.03, Stable
2021/1/2, 22:16:29, 32.8549, 102254.3, 36.66473, 10578.93, Stable
2021/1/2, 22:21:31, 30.86699, 102252.1, 39.42019, 11439.75, Stable
2021/1/2, 22:26:33, 30.8378, 102248.3, 40.71324, 12280.15, Stable
2021/1/2, 22:31:34, 31.35845, 102246.1, 39.022, 12634.17, Stable
2021/1/2, 22:36:36, 32.39989, 102240.0, 36.90849, 12881.55, Stable
2021/1/2, 22:41:38, 30.46867, 102236.3, 41.48017, 13140.73, Stable
2021/1/2, 22:46:40, 29.06205, 102237.3, 44.99136, 13529.93, Stable
2021/1/2, 22:51:41, 28.32148, 102234.8, 47.39031, 13820.98, Stable
2021/1/2, 22:56:43, 28.70212, 102229.4, 46.74456, 13996.94, Stable
2021/1/2, 23:1:45, 28.93385, 102221.8, 46.38807, 13982.98, Stable
2021/1/2, 23:6:47, 28.554, 102217.5, 46.33565, 14044.06, Stable
2021/1/2, 23:11:49, 28.41121, 102218.3, 47.15216, 14355.11, Stable
2021/1/2, 23:16:51, 28.46005, 102214.0, 47.19606, 14629.73, Stable
2021/1/2, 23:21:52, 27.42291, 102215.2, 49.70694, 14718.49, Stable
2021/1/2, 23:26:54, 25.41225, 102207.2, 56.72968, 12820.72, Stable
2021/1/2, 23:31:56, 24.33092, 102206.3, 60.05049, 12335.87, Stable
2021/1/2, 23:36:58, 24.4159, 102200.9, 59.83752, 12130.94, Stable
2021/1/2, 23:42:0, 24.17742, 102197.3, 60.89025, 11866.63, Stable
2021/1/2, 23:47:1, 23.88024, 102199.4, 61.93483, 12016.58, Stable
2021/1/2, 23:52:3, 23.71212, 102193.9, 62.54775, 12135.39, Stable
2021/1/2, 23:57:5, 23.66326, 102192.1, 62.72252, 12242.17, Stable
2021/1/3, 0:2:7, 23.5703, 102184.6, 62.78968, 12256.09, Stable
2021/1/3, 0:7:9, 23.46114, 102181.3, 63.78674, 12313.56, Stable
2021/1/3, 0:12:10, 23.46406, 102183.1, 63.93233, 12442.51, Stable
2021/1/3, 0:17:12, 23.39607, 102176.0, 63.8783, 12572.5, Stable
2021/1/3, 0:22:14, 23.38704, 102168.6, 64.30125, 12568.29, Stable
2021/1/3, 0:27:16, 23.42715, 102163.7, 64.89153, 12336.23, Stable
2021/1/3, 0:32:18, 23.4537, 102162.5, 65.28853, 11956.56, Stable
2021/1/3, 0:37:20, 23.55676, 102151.5, 65.11509, 11621.13, Stable
2021/1/3, 0:42:21, 26.28791, 102161.5, 54.05077, 11729.49, Stable
2021/1/3, 0:47:23, 25.50916, 102163.0, 55.87812, 13284.42, Stable
2021/1/3, 0:52:25, 24.88594, 102165.0, 58.64624, 13834.49, Stable
2021/1/3, 0:57:27, 25.17512, 102158.0, 57.37533, 14495.91, Stable
2021/1/3, 1:2:29, 25.14272, 102169.0, 57.55515, 14900.13, Stable
2021/1/3, 1:7:30, 23.9562, 102164.6, 62.14638, 14942.06, Stable
2021/1/3, 1:12:32, 22.67787, 102166.3, 66.35718, 14967.24, Stable
2021/1/3, 1:17:34, 21.9078, 102167.4, 69.92798, 15237.67, Stable
2021/1/3, 1:22:36, 22.64865, 102159.0, 68.43034, 15259.86, Stable
2021/1/3, 1:27:38, 22.20638, 102157.0, 69.89612, 15448.46, Stable
2021/1/3, 1:32:40, 22.25738, 102146.6, 69.91143, 15529.64, Stable
2021/1/3, 1:37:41, 21.81536, 102141.5, 72.01488, 15357.07, Stable
2021/1/3, 1:42:43, 22.30042, 102135.9, 70.57208, 15443.32, Stable
2021/1/3, 1:47:45, 22.56949, 102129.6, 69.36588, 15573.29, Stable
2021/1/3, 1:52:47, 22.42022, 102117.8, 69.69202, 15595.74, Stable
2021/1/3, 1:57:49, 22.54718, 102115.7, 68.94264, 15688.35, Stable
2021/1/3, 2:2:50, 22.40321, 102114.0, 68.80952, 15921.32, Stable
2021/1/3, 2:7:52, 22.47997, 102114.5, 68.71828, 16110.86, Stable
2021/1/3, 2:12:54, 22.05576, 102111.0, 69.4641, 16222.49, Stable
2021/1/3, 2:17:56, 22.11208, 102098.1, 69.05587, 16366.65, Stable
2021/1/3, 2:22:58, 22.64281, 102082.7, 69.5494, 14941.29, Stable
2021/1/3, 2:28:0, 22.67893, 102081.1, 66.44056, 14438.94, Stable
2021/1/3, 2:33:1, 22.66087, 102074.7, 66.33492, 14378.54, Stable
2021/1/3, 2:38:3, 22.75941, 102064.0, 65.52555, 13923.92, Stable
2021/1/3, 2:43:5, 22.63935, 102056.4, 66.1079, 13896.71, Stable
2021/1/3, 2:48:7, 22.82396, 102055.4, 65.96554, 12885.87, Stable
2021/1/3, 2:53:9, 22.87097, 102049.7, 65.76211, 12473.83, Stable
2021/1/3, 2:58:10, 22.68318, 102046.5, 65.6736, 12844.27, Stable
2021/1/3, 3:3:12, 22.67282, 102044.2, 65.86716, 13032.93, Stable
2021/1/3, 3:8:14, 22.79686, 102039.0, 65.53355, 12674.48, Stable
2021/1/3, 3:13:16, 22.90736, 102035.4, 65.07711, 12316.05, Stable
2021/1/3, 3:18:18, 22.91374, 102029.2, 64.8317, 12177.58, Stable
2021/1/3, 3:23:20, 23.01971, 102031.4, 64.82153, 11821.5, Stable
2021/1/3, 3:28:21, 23.03007, 102025.2, 65.80939, 11571.43, Stable
2021/1/3, 3:33:23, 23.07788, 102022.5, 65.76399, 11368.61, Stable
2021/1/3, 3:38:25, 23.10736, 102022.4, 65.09859, 11173.43, Stable
2021/1/3, 3:43:27, 23.13897, 102018.5, 64.94564, 11081.06, Stable
2021/1/3, 3:48:29, 23.12304, 102011.4, 64.82224, 11079.79, Stable
2021/1/3, 3:53:31, 23.13764, 102009.9, 65.12582, 10943.35, Stable
2021/1/3, 3:58:32, 23.07097, 102010.9, 64.98217, 11091.62, Stable
2021/1/3, 4:3:34, 23.04149, 102015.0, 65.32705, 11126.53, Stable
2021/1/3, 4:8:36, 22.99235, 102012.4, 65.37669, 11202.41, Stable
2021/1/3, 4:13:38, 22.93578, 102010.8, 65.3659, 11267.19, Stable
2021/1/3, 4:18:40, 22.88824, 102004.9, 65.38744, 11344.76, Stable
2021/1/3, 4:23:41, 22.77349, 101995.3, 65.98195, 11577.64, Stable
2021/1/3, 4:28:43, 22.80855, 101990.2, 65.85204, 11557.21, Stable
2021/1/3, 4:33:45, 22.80457, 101992.1, 66.24013, 11422.91, Stable
2021/1/3, 4:38:47, 22.96208, 101991.3, 69.32902, 10614.27, Stable
2021/1/3, 4:43:49, 22.96606, 101991.8, 70.18297, 10078.41, Stable
2021/1/3, 4:48:50, 22.89222, 101986.1, 69.88911, 9955.123, Stable
2021/1/3, 4:53:52, 22.94773, 101988.0, 70.36665, 9835.931, Stable
2021/1/3, 4:58:54, 22.99687, 101991.4, 70.81693, 9608.08, Stable
2021/1/3, 5:3:56, 23.10922, 101991.9, 70.68864, 9430.368, Stable
2021/1/3, 5:8:58, 23.20112, 101989.3, 68.76488, 9407.719, Stable
2021/1/3, 5:14:0, 23.37801, 101988.3, 68.51582, 9188.873, Stable
2021/1/3, 5:19:1, 23.46486, 101995.6, 68.04443, 7270.393, Stable
2021/1/3, 5:24:3, 19.38835, 102007.9, 79.02522, 7732.749, Stable
2021/1/3, 5:29:5, 19.07187, 102011.7, 81.39281, 9145.532, Stable
2021/1/3, 5:34:7, 18.94778, 102003.5, 81.20247, 10072.81, Stable
2021/1/3, 5:39:9, 18.57176, 102005.0, 81.61153, 10528.9, Stable
2021/1/3, 5:44:10, 18.30362, 102003.4, 83.57727, 10822.42, Stable
2021/1/3, 5:49:12, 18.35677, 102005.2, 82.69424, 11396.08, Stable
2021/1/3, 5:54:14, 20.54256, 101996.8, 76.35588, 11697.72, Stable
2021/1/3, 5:59:16, 25.19156, 101993.6, 58.38667, 10044.93, Stable
2025/06/29, 21:57:40, 23.69725, 101953.5, 61.07795, 5684.847, Stable
2025/06/29, 22:02:41, 23.76497, 101949.0, 60.75486, 6299.499, Stable
2025/06/29, 22:07:43, 23.84279, 101950.2, 60.3158, 7319.547, Stable
2025/06/29, 22:27:09, 23.71452, 101950.3, 60.75779, 5841.333, Stable
2025/06/29, 22:32:10, 23.56844, 101943.9, 61.19508, 7187.528, Stable
2025/06/29, 22:37:57, 23.57030, 101942.0, 61.18225, 8032.41, Stable
2025/06/29, 22:42:59, 23.64759, 101943.3, 60.99424, 8782.781, Stable
2025/06/29, 22:51:26, 23.25106, 101938.8, 61.92205, 7830.806, Stable
2025/06/29, 23:10:53, 23.57243, 101925.6, 60.7854, 6051.702, Stable
2025/06/29, 23:15:55, 23.49461, 101915.6, 60.68467, 7241.789, Stable
2025/06/29, 23:20:57, 23.38439, 101915.8, 60.8536, 8270.498, Stable
2025/06/29, 23:25:59, 23.49408, 101920.7, 60.57348, 8851.104, Stable
2025/06/29, 23:31:01, 23.60084, 101925.1, 59.81242, 9163.545, Stable
2025/06/29, 23:36:02, 23.60031, 101919.3, 59.70605, 9474.594, Stable
2025/06/29, 23:38:29, 23.54959, 101921.2, 59.73797, 11190.67, Stable
2025/06/29, 23:43:31, 23.51798, 101920.1, 59.92673, 10315.95, Stable
2025/06/29, 23:48:33, 23.49992, 101915.6, 59.85414, 10298.88, Stable
2025/06/30, 00:30:00, 23.52356, 101884.6, 59.02955, 5747.646, Stable
2025/06/30, 00:35:01, 23.44069, 101883.7, 59.15691, 7065.751, Stable
2025/06/30, 00:43:30, 24.10014, 101882.0, 57.20776, 6214.805, Stable
2025/06/30, 00:48:32, 23.67733, 101884.8, 58.01714, 7164.39, Stable
2025/06/30, 00:50:43, 23.62501, 101882.2, 58.02954, 9053.981, Stable
2025/06/30, 00:52:04, 23.60722, 101877.8, 58.03448, 11301.51, Stable
2025/06/30, 01:02:25, 24.50646, 101858.0, 55.80783, 6072.061, Stable
2025/06/30, 01:06:24, 25.08111, 101850.2, 55.37463, 6088.539, Stable
2025/06/30, 02:18:19, 23.90308, 101858.6, 56.14206, 5684.847, Stable
2021/01/01, 00:01:09, 23.96868, 101843.6, 56.84045, 6095.909, Stable
2021/01/01, 00:06:11, 22.64201, 101847.1, 60.58988, 6706.605, Stable
2021/01/01, 00:11:13, 22.31024, 101843.9, 61.76051, 7297.31, Stable
2021/01/01, 00:16:14, 22.23348, 101834.4, 62.29252, 7767.411, Stable
2021/01/01, 00:21:16, 22.38356, 101826.9, 62.40314, 7990.275, Stable
2021/01/01, 00:26:18, 22.7557, 101820.6, 61.15005, 8050.437, Stable
2021/01/01, 00:31:20, 22.52089, 101812.3, 61.98753, 8528.809, Stable
2021/01/01, 00:36:22, 22.45049, 101809.6, 62.51877, 8854.545, Stable
2021/01/01, 00:41:24, 22.48635, 101809.1, 62.8383, 9029.688, Stable
2021/01/01, 00:46:25, 22.69407, 101799.8, 62.71635, 8950.891, Stable
2021/01/01, 00:51:27, 22.50096, 101795.4, 63.28978, 9028.701, Stable
2021/01/01, 00:56:29, 22.16707, 101787.7, 65.05894, 9185.244, Stable
2021/01/01, 01:01:31, 22.01406, 101785.9, 65.30148, 9381.938, Stable
2021/01/01, 01:06:33, 22.02867, 101788.5, 65.31321, 9525.112, Stable
2021/01/01, 01:11:35, 21.92321, 101779.6, 65.72546, 9673.145, Stable
2021/01/01, 01:16:36, 22.05285, 101765.0, 65.43612, 9722.465, Stable
2021/01/01, 01:21:38, 22.15033, 101764.1, 65.38844, 9656.549, Stable
2021/01/01, 01:26:40, 22.21249, 101758.3, 65.2527, 9673.176, Stable
2021/01/01, 01:31:42, 22.27252, 101750.2, 64.99503, 9715.497, Stable
2021/01/01, 01:36:44, 22.19576, 101738.0, 65.27206, 9767.529, Stable
2021/01/01, 01:41:45, 22.16016, 101732.0, 65.56874, 9811.26, Stable
2021/01/01, 01:46:47, 22.0996, 101731.7, 65.89836, 9856.817, Stable
2021/01/01, 01:51:49, 21.98245, 101728.0, 66.33429, 9981.768, Stable
2021/01/01, 01:56:51, 21.7362, 101732.0, 67.49171, 10142.06, Stable
2021/01/01, 02:01:53, 21.5792, 101730.4, 67.84564, 10341.84, Stable
2021/01/01, 02:06:55, 21.80819, 101722.4, 67.33443, 10336.94, Stable
2021/01/01, 02:11:56, 21.68865, 101717.8, 67.99894, 10345.23, Stable
2021/01/01, 02:16:58, 21.56565, 101723.6, 68.59135, 10391.72, Stable
2021/01/01, 02:22:00, 21.70963, 101721.2, 68.34998, 10374.52, Stable
2021/01/01, 02:27:02, 21.6581, 101716.4, 68.6266, 10405.0, Stable
2021/01/01, 02:32:04, 21.75639, 101718.6, 68.47414, 10348.83, Stable
2021/01/01, 02:37:05, 21.7702, 101715.3, 68.30946, 10247.61, Stable
2021/01/01, 02:42:07, 21.56724, 101712.1, 69.24684, 10362.58, Stable
2021/01/01, 02:47:09, 21.48781, 101715.6, 69.64104, 10409.32, Stable
2021/01/01, 02:52:11, 21.6658, 101707.7, 69.08177, 10388.79, Stable
2021/01/01, 02:57:13, 21.71017, 101705.5, 68.85242, 10340.24, Stable
2021/01/01, 03:02:15, 21.48755, 101704.2, 69.82283, 10486.58, Stable
2021/01/01, 03:07:16, 21.15441, 101702.6, 71.29191, 10648.17, Stable
2021/01/01, 03:12:18, 21.03991, 101699.4, 71.5367, 10767.38, Stable
2021/01/01, 03:17:20, 21.09596, 101691.9, 71.35515, 10823.48, Stable
2021/01/01, 03:22:22, 21.01228, 101693.1, 71.67072, 10861.27, Stable
2021/01/01, 03:27:24, 21.01095, 101694.0, 71.56346, 10926.78, Stable
2021/01/01, 03:32:26, 20.93975, 101693.6, 71.57528, 11038.42, Stable
2021/01/01, 03:37:27, 20.95091, 101686.0, 71.58758, 11089.21, Stable
2021/01/01, 03:42:29, 21.12598, 101683.6, 70.78076, 10903.86, Stable
2021/01/01, 03:47:31, 21.12333, 101686.1, 70.63985, 10872.07, Stable
2021/01/01, 03:52:33, 20.83295, 101679.4, 71.51418, 11048.88, Stable
2021/01/01, 03:57:35, 20.69613, 101672.1, 71.86678, 11226.21, Stable
2021/01/01, 04:02:36, 20.80851, 101669.9, 71.42251, 11256.29, Stable
2021/01/01, 04:07:38, 20.71339, 101669.7, 71.76569, 11348.01, Stable
2021/01/01, 04:12:40, 20.68258, 101660.7, 71.48009, 11493.49, Stable
2021/01/01, 04:17:42, 20.48252, 101662.7, 72.32774, 11603.01, Stable
2021/01/01, 04:22:44, 20.64458, 101670.3, 71.7837, 11634.31, Stable
2021/01/01, 04:27:46, 20.84969, 101670.6, 70.87904, 11450.52, Stable
2021/01/01, 04:32:47, 20.6677, 101666.8, 71.35258, 11474.75, Stable
2021/01/01, 04:37:49, 20.65973, 101668.2, 71.36177, 11556.38, Stable
2021/01/01, 04:42:51, 20.58986, 101657.7, 71.88963, 11637.27, Stable
2021/01/01, 04:47:53, 20.80027, 101656.4, 71.07804, 11528.34, Stable
2021/01/01, 04:52:55, 20.57046, 101658.6, 71.8622, 11647.89, Stable
2021/01/01, 04:57:57, 20.44373, 101656.1, 72.54648, 11769.46, Stable
2021/01/01, 05:02:58, 20.61775, 101651.7, 71.83305, 11766.47, Stable
2021/01/01, 05:08:00, 20.61297, 101645.6, 71.649, 11795.85, Stable
2021/01/01, 05:13:02, 20.5771, 101640.6, 71.60409, 11905.34, Stable
2021/01/01, 05:18:04, 20.77158, 101643.1, 70.89297, 11819.07, Stable
2021/01/01, 05:23:06, 20.6406, 101641.1, 71.41715, 11900.58, Stable
2021/01/01, 05:28:08, 20.64219, 101629.1, 71.60158, 11890.91, Stable
2021/01/01, 05:33:09, 20.69294, 101618.5, 71.55137, 11875.13, Stable
2021/01/01, 05:38:11, 20.70011, 101614.6, 71.95892, 11780.8, Stable
2021/01/01, 05:43:13, 20.65919, 101622.3, 72.1491, 11845.36, Stable
2021/01/01, 05:48:15, 20.39936, 101614.3, 73.17266, 12002.75, Stable
2021/01/01, 05:53:17, 20.46551, 101617.1, 73.16202, 12023.6, Stable
2021/01/01, 05:58:19, 20.60606, 101616.8, 72.56347, 12012.8, Stable
2021/01/01, 06:03:20, 20.65574, 101617.5, 72.49928, 11918.92, Stable
2021/01/01, 06:08:22, 20.75245, 101614.2, 72.13762, 11857.53, Stable
2021/01/01, 06:13:24, 20.51227, 101612.2, 73.08133, 11947.67, Stable
2021/01/01, 06:18:26, 20.39458, 101614.1, 73.42702, 12071.28, Stable
2021/01/01, 06:23:28, 20.47641, 101606.1, 73.24059, 12117.41, Stable
2021/01/01, 06:28:29, 20.68523, 101588.7, 72.54628, 12014.13, Stable
2021/01/01, 06:33:31, 20.79761, 101584.1, 72.00368, 11717.83, Stable
2021/01/01, 06:38:33, 20.80186, 101581.3, 72.04658, 11691.37, Stable
2021/01/01, 06:43:35, 20.88848, 101581.7, 71.97679, 11563.35, Stable
2021/01/01, 06:48:37, 20.87838, 101573.5, 71.97308, 11564.94, Stable
2021/01/01, 06:53:39, 20.85792, 101572.8, 72.23894, 11559.29, Stable
2021/01/01, 06:58:40, 20.75377, 101570.6, 72.6336, 11729.98, Stable
2021/01/01, 07:03:42, 20.85845, 101565.6, 72.34856, 11688.13, Stable
2021/01/01, 07:08:44, 20.7753, 101572.6, 72.73787, 11768.0, Stable
2021/01/01, 07:13:46, 20.77742, 101568.2, 72.88765, 11742.74, Stable
2021/01/01, 07:18:48, 20.81993, 101560.7, 72.75917, 11718.58, Stable
2021/01/01, 07:23:49, 20.94745, 101558.9, 72.50357, 11482.61, Stable
2021/01/01, 07:28:51, 20.8117, 101559.9, 72.99227, 11581.37, Stable
2021/01/01, 07:33:53, 20.73837, 101564.9, 73.47939, 11700.96, Stable
2021/01/01, 07:38:55, 20.86961, 101571.0, 73.17023, 11691.82, Stable
2021/01/01, 07:43:57, 20.7203, 101565.3, 73.91725, 11808.05, Stable
2021/01/01, 07:48:59, 20.72057, 101565.4, 74.06504, 11853.34, Stable
2021/01/01, 07:54:00, 20.97641, 101573.1, 73.68329, 11701.18, Stable
2021/01/01, 07:59:02, 21.07179, 101567.1, 73.21938, 11640.34, Stable
2021/01/01, 08:04:04, 21.81536, 101573.0, 71.71541, 11306.27, Stable
2021/01/01, 08:09:06, 23.36022, 101572.8, 66.81497, 10820.15, Stable
2021/01/01, 08:14:08, 23.97133, 101565.3, 63.37003, 10319.64, Stable
2021/01/01, 08:19:10, 24.16919, 101562.7, 61.86567, 10271.46, Stable
2021/01/01, 08:24:11, 23.85421, 101559.7, 63.71514, 10109.51, Stable
2021/01/01, 08:29:13, 23.19899, 101550.8, 66.14467, 10129.49, Stable
2021/01/01, 08:34:15, 22.96473, 101551.1, 67.48312, 10066.47, Stable
2021/01/01, 08:39:17, 22.05098, 101553.3, 70.49808, 10431.62, Stable
2021/01/01, 08:44:19, 21.90993, 101544.7, 70.94889, 10580.65, Stable
2021/01/01, 08:49:20, 22.03, 101547.1, 71.81833, 10535.1, Stable
2021/01/01, 08:54:22, 22.08047, 101551.6, 70.96511, 10522.0, Stable
2021/01/01, 08:59:24, 22.18858, 101547.6, 70.43688, 10330.98, Stable
2021/01/01, 09:04:26, 22.30307, 101541.3, 71.09882, 10390.97, Stable
2021/01/01, 09:09:28, 22.23959, 101527.6, 70.1205, 10391.2, Stable
2021/01/01, 09:14:30, 22.15698, 101523.4, 71.24658, 10549.2, Stable
2021/01/01, 09:19:31, 22.16308, 101528.3, 71.70488, 10637.38, Stable
2021/01/01, 09:24:33, 22.14183, 101524.8, 71.33592, 10716.02, Stable
2021/01/01, 09:29:35, 22.01167, 101528.5, 72.44944, 10853.82, Stable
2021/01/01, 09:34:37, 22.19974, 101527.8, 71.85075, 10746.56, Stable
2021/01/01, 09:39:39, 22.12111, 101516.3, 72.35409, 10859.21, Stable
2021/01/01, 09:44:41, 22.05338, 101513.2, 72.93059, 10841.99, Stable
2021/01/01, 09:49:42, 21.99839, 101518.5, 73.01659, 10827.01, Stable
2021/01/01, 09:54:44, 22.0733, 101503.6, 72.37298, 10704.07, Stable
2021/01/01, 09:59:46, 22.71107, 101511.3, 70.54225, 10655.24, Stable
2021/01/01, 10:04:48, 23.52196, 101504.7, 66.89851, 10575.83, Stable
2021/01/01, 10:09:50, 23.40749, 101493.8, 67.32767, 10423.04, Stable
2021/01/01, 10:14:52, 23.30603, 101486.8, 67.56795, 10247.07, Stable
2021/01/01, 10:19:53, 23.2237, 101483.8, 67.73329, 10171.78, Stable
2021/01/01, 10:24:55, 23.43804, 101482.1, 67.82044, 10242.85, Stable
2021/01/01, 10:29:57, 23.21918, 101474.9, 69.09904, 10226.21, Stable
2021/01/01, 10:34:59, 22.90842, 101474.2, 69.35892, 10031.85, Stable
2021/01/01, 10:40:01, 22.91214, 101465.0, 68.99255, 9904.885, Stable
2021/01/01, 10:45:03, 22.95862, 101457.9, 69.06441, 9810.052, Stable
2021/01/01, 10:50:04, 22.92622, 101453.7, 69.44443, 9759.975, Stable
2021/01/01, 10:55:06, 23.01626, 101447.5, 69.41913, 9789.504, Stable
2021/01/01, 11:00:08, 23.07283, 101436.8, 69.77565, 9730.918, Stable
2021/01/01, 11:05:10, 23.16075, 101431.0, 70.31045, 9819.736, Stable
2021/01/01, 11:10:12, 23.14056, 101418.5, 69.99763, 9773.08, Stable
2021/01/01, 11:15:13, 23.15756, 101402.1, 70.04333, 9631.078, Stable
2021/01/01, 11:20:15, 23.08558, 101392.6, 70.10207, 9502.51, Stable
2021/01/01, 11:25:17, 23.18279, 101392.0, 70.46912, 9539.274, Stable
2021/01/01, 11:30:19, 23.25398, 101387.0, 70.62345, 9576.986, Stable
2021/01/01, 11:35:21, 23.3055, 101375.9, 70.21637, 9575.362, Stable
2021/01/01, 11:40:23, 23.24813, 101368.9, 70.57658, 9383.99, Stable
2021/01/01, 11:45:24, 24.7691, 101362.7, 67.07976, 9462.932, Stable
2021/01/01, 11:50:26, 25.39047, 101351.0, 65.06108, 9540.606, Stable
2021/01/01, 11:55:28, 25.54873, 101344.3, 65.05077, 9508.513, Stable
2021/01/01, 12:00:30, 25.63715, 101337.6, 64.44518, 9634.433, Stable
2021/01/01, 12:05:32, 25.54714, 101336.6, 65.43215, 9344.994, Stable
2021/01/01, 12:10:33, 25.27523, 101329.4, 65.60687, 9595.718, Stable
2021/01/01, 12:15:35, 25.15574, 101321.6, 66.6089, 9525.948, Stable
2021/01/01, 12:20:37, 24.85328, 101319.6, 67.22687, 10044.11, Stable
2021/01/01, 12:25:39, 24.79937, 101315.4, 67.60469, 10417.65, Stable
2021/01/01, 12:30:41, 24.69288, 101306.8, 67.62664, 10768.73, Stable
2021/01/01, 12:35:43, 24.71041, 101304.1, 68.18821, 10644.61, Stable
2021/01/01, 12:40:44, 24.63021, 101297.4, 68.05782, 11023.83, Stable
2021/01/01, 12:45:46, 24.53806, 101281.1, 68.22479, 10936.51, Stable
2021/01/01, 12:50:48, 24.50062, 101273.5, 68.10166, 10424.84, Stable
2021/01/01, 12:55:50, 24.68518, 101263.7, 68.39948, 10859.42, Stable
2021/01/01, 13:00:52, 24.70722, 101261.9, 68.64715, 10888.4, Stable
2021/01/01, 13:05:54, 24.76856, 101260.5, 68.52151, 10980.38, Stable
2021/01/01, 13:10:55, 24.7991, 101260.0, 68.34312, 10978.66, Stable
2021/01/01, 13:15:57, 24.72395, 101252.2, 68.2824, 11295.49, Stable
2021/01/01, 13:20:59, 24.74759, 101243.1, 68.77911, 11430.92, Stable
2021/01/01, 13:26:01, 24.95153, 101249.8, 68.02989, 11274.08, Stable
2021/01/01, 13:31:03, 24.97596, 101252.5, 68.2422, 11321.34, Stable
2021/01/01, 13:36:04, 24.9348, 101258.0, 68.01729, 11392.0, Stable
2021/01/01, 13:41:06, 24.98924, 101260.2, 68.17962, 10971.77, Stable
2021/01/01, 13:46:08, 25.13024, 101255.3, 68.04948, 11164.16, Stable
2021/01/01, 13:51:10, 25.18627, 101260.2, 67.6993, 11079.19, Stable
2021/01/01, 13:56:12, 24.89709, 101264.1, 68.17881, 11432.85, Stable
2021/01/01, 14:01:14, 24.72581, 101253.1, 68.72256, 11626.8, Stable
2021/01/01, 14:06:15, 25.59148, 101251.1, 65.82021, 11507.42, Stable
2021/01/01, 14:11:17, 25.7492, 101245.7, 65.08867, 11480.85, Stable
2021/01/01, 14:16:19, 25.39844, 101244.8, 66.16549, 11659.08, Stable
2021/01/01, 14:21:21, 25.38835, 101246.3, 66.30791, 11543.54, Stable
2021/01/01, 14:26:23, 25.31878, 101249.2, 66.31179, 11340.25, Stable
2021/01/01, 14:31:25, 25.30019, 101240.2, 65.9912, 11335.06, Stable
2021/01/01, 14:36:26, 25.03943, 101230.0, 66.95121, 11448.33, Stable
2021/01/01, 14:41:28, 24.85354, 101228.5, 67.89109, 11621.13, Stable
2021/01/01, 14:46:30, 24.82699, 101219.4, 68.02492, 11540.29, Stable
2021/01/01, 14:51:32, 24.72289, 101213.8, 68.3567, 11630.33, Stable
2021/01/01, 14:56:34, 24.98552, 101202.1, 67.32801, 11387.2, Stable
2021/01/01, 15:01:36, 25.12015, 101200.3, 67.15481, 11199.12, Stable
2021/01/01, 15:06:37, 25.15308, 101187.5, 67.0704, 11302.71, Stable
2021/01/01, 15:11:39, 24.85673, 101184.2, 67.9995, 11507.56, Stable
2021/01/01, 15:16:41, 24.80176, 101178.7, 68.00627, 11625.53, Stable
2021/01/01, 15:21:43, 24.90187, 101176.3, 68.21536, 11549.48, Stable
2021/01/01, 15:26:45, 25.05297, 101172.5, 67.44973, 11556.77, Stable
2021/01/01, 15:31:47, 25.05695, 101176.9, 67.23827, 11570.25, Stable
2021/01/01, 15:36:48, 24.97171, 101174.9, 67.60594, 11673.47, Stable
2021/01/01, 15:41:50, 24.94011, 101170.3, 67.80293, 11336.34, Stable
2021/01/01, 15:46:52, 24.79671, 101168.1, 68.48802, 11752.07, Stable
2021/01/01, 15:51:54, 24.96932, 101160.0, 67.84203, 11536.83, Stable
2021/01/01, 15:56:56, 24.89444, 101148.6, 68.2137, 11681.64, Stable
2021/01/01, 16:01:57, 24.82194, 101146.1, 68.51034, 11835.08, Stable
2021/01/01, 16:06:59, 24.66898, 101145.7, 68.99033, 11950.95, Stable
2021/01/01, 16:12:01, 24.86257, 101141.5, 68.18921, 11788.92, Stable
2021/01/01, 16:17:03, 23.64599, 101163.7, 72.65055, 10857.13, Stable
2021/01/01, 16:22:05, 23.39926, 101160.8, 75.84008, 9057.717, Stable
2021/01/01, 16:27:07, 23.41201, 101162.4, 74.73347, 9155.138, Stable
2021/01/01, 16:32:08, 23.69008, 101157.7, 73.22858, 8870.252, Stable
2021/01/01, 16:37:10, 23.40404, 101154.4, 74.12481, 8970.053, Stable
2021/01/01, 16:42:12, 23.25265, 101147.7, 74.7748, 9047.08, Stable
2021/01/01, 16:47:14, 23.32808, 101140.6, 74.59971, 8988.518, Stable
2021/01/01, 16:52:16, 23.33047, 101145.9, 74.6482, 9023.494, Stable
2021/01/01, 16:57:17, 23.21494, 101142.5, 75.2209, 9159.081, Stable
2021/01/01, 17:02:19, 23.20962, 101142.8, 75.31956, 9164.067, Stable
2021/01/01, 17:07:21, 23.18943, 101143.0, 75.46725, 9178.139, Stable
2021/01/01, 17:12:23, 23.2067, 101144.4, 75.3548, 9176.642, Stable
2021/01/01, 17:17:25, 23.11082, 101138.1, 75.57158, 9227.482, Stable
2021/01/01, 17:22:27, 23.23804, 101140.4, 74.96089, 9105.42, Stable
2021/01/01, 17:27:28, 23.31692, 101145.4, 74.51024, 9042.686, Stable
2021/01/01, 17:32:30, 23.31214, 101141.1, 74.37904, 8989.958, Stable
2021/01/01, 17:37:32, 23.31321, 101149.4, 74.10326, 8913.709, Stable
2021/01/01, 17:42:34, 23.41041, 101149.5, 73.57519, 8806.713, Stable
2021/01/01, 17:47:36, 23.38067, 101152.3, 73.73594, 8832.998, Stable
2021/01/01, 17:52:37, 23.34136, 101159.5, 73.81828, 8806.641, Stable
2021/01/01, 17:57:39, 23.39926, 101156.4, 73.48817, 8769.424, Stable
2021/01/01, 18:02:41, 23.21546, 101151.2, 74.18272, 8985.13, Stable
2021/01/01, 18:07:43, 23.37084, 101152.5, 73.53825, 8887.383, Stable
2021/01/01, 18:12:45, 23.37137, 101160.1, 73.57439, 8871.909, Stable
2021/01/01, 18:17:47, 23.38677, 101167.1, 73.35454, 8850.283, Stable
2021/01/01, 18:22:48, 23.29302, 101178.5, 73.57702, 8882.521, Stable
2021/01/01, 18:27:50, 23.04787, 101180.2, 74.36183, 9073.292, Stable
2021/01/01, 18:32:52, 23.05477, 101180.4, 74.30913, 9164.369, Stable
2021/01/01, 18:37:54, 23.13127, 101184.0, 73.84303, 9116.382, Stable
2021/01/01, 18:42:56, 23.17217, 101185.8, 73.65321, 8969.418, Stable
2021/01/01, 18:47:58, 22.94826, 101193.0, 74.69279, 9115.528, Stable
2021/01/01, 18:52:59, 22.93578, 101194.1, 74.7347, 9063.389, Stable
2021/01/01, 18:58:01, 22.92462, 101177.0, 74.52003, 9144.689, Stable
2021/01/01, 19:03:03, 22.84919, 101183.3, 74.78843, 9170.521, Stable
2021/01/01, 19:08:05, 22.91559, 101186.0, 74.41125, 9006.736, Stable
2021/01/01, 19:13:07, 22.80138, 101189.9, 74.77162, 9058.834, Stable
2021/01/01, 19:18:09, 22.64812, 101194.6, 75.34325, 9059.623, Stable
2021/01/01, 19:23:10, 22.6019, 101197.2, 75.5481, 9128.009, Stable
2021/01/01, 19:28:12, 22.55621, 101196.7, 75.69553, 9236.899, Stable
2021/01/01, 19:33:14, 22.48582, 101200.1, 75.8588, 9205.055, Stable
2021/01/01, 19:38:16, 22.50336, 101200.5, 75.75208, 9181.921, Stable
2021/01/01, 19:43:18, 22.48503, 101198.6, 75.71474, 9118.801, Stable
2021/01/01, 19:48:20, 22.41092, 101191.6, 75.86916, 9108.759, Stable
2021/01/01, 19:53:21, 22.32326, 101200.6, 76.12254, 9203.802, Stable
2021/01/01, 19:58:23, 22.43907, 101207.2, 75.52527, 9195.489, Stable
2021/01/01, 20:03:25, 22.45926, 101202.6, 75.37415, 9194.638, Stable
2021/01/01, 20:08:27, 22.4505, 101198.6, 75.43579, 9245.744, Stable
2021/01/01, 20:13:29, 22.45475, 101198.4, 75.42755, 9239.823, Stable
2021/01/01, 20:18:30, 22.51159, 101195.3, 75.16921, 9261.045, Stable
2021/01/01, 20:23:32, 22.64121, 101200.9, 75.77927, 9182.414, Stable
2025/06/30, 21:54:12, 22.87814, 101162.1, 73.28459, 10203.38, Stable
2025/06/30, 22:06:15, 22.21568, 101162.5, 75.97249, 7677.926, Stable
2025/06/30, 22:09:42, 22.07994, 101162.0, 76.49403, 9789.714, Stable
2025/06/30, 22:14:44, 23.07389, 101179.7, 72.70477, 9177.732, Stable
2025/06/30, 22:19:46, 23.3974, 101178.3, 71.05054, 9083.139, Stable
2025/06/30, 22:24:48, 23.54428, 101176.3, 69.11243, 9241.537, Stable
2025/06/30, 22:29:50, 23.56472, 101179.8, 67.81515, 9456.676, Stable
2025/06/30, 22:31:44, 23.54852, 101177.6, 67.45982, 11916.42, Stable
2025/06/30, 22:36:46, 23.51984, 101172.4, 66.93397, 10296.82, Stable
2025/06/30, 22:41:48, 23.41998, 101174.5, 66.80299, 10173.42, Stable
2025/06/30, 22:43:52, 23.36446, 101173.8, 66.6854, 12525.3, Stable
2025/06/30, 22:49:01, 23.23219, 101178.0, 66.86415, 10770.65, Stable
2025/06/30, 22:53:42, 23.12197, 101173.9, 67.12423, 10681.14, Stable
2025/06/30, 22:57:40, 23.12064, 101163.9, 67.04268, 10865.09, Stable
2025/06/30, 23:03:59, 23.03113, 101166.0, 67.14632, 10795.3, Stable
2025/06/30, 23:09:09, 22.96766, 101173.6, 67.23416, 10464.23, Stable
2025/06/30, 23:14:18, 23.01812, 101166.6, 67.10336, 10327.76, Stable
2025/06/30, 23:34:18, 22.86592, 101188.0, 66.83859, 11326.15, Stable
2025/06/30, 23:39:28, 22.82104, 101194.5, 67.05788, 10258.42, Stable
2025/06/30, 23:44:37, 22.79501, 101194.3, 67.03505, 10273.87, Stable
2025/06/30, 23:49:46, 22.7541, 101197.7, 67.0096, 10431.56, Stable
